time_s,smooth_displacement_m,rough_displacement_m,smooth_upstream_tension_N,smooth_downstream_tension_N,rough_upstream_tension_N,rough_downstream_tension_N,rough_turn_angle_rad
0.0005,0.0,0.0,2.0000000000000004,2.0000000000000004,2.0000000000000004,0.9863824034065753,1.5707963267948966
0.005500000000000001,8.469051140605118e-05,-1.973219333126527e-05,1.9755696342669182,1.9755696342669182,2.005704059594461,0.9891955954125545,1.5707963267948966
0.010500000000000006,0.0003341825490931527,-7.828947393691256e-05,1.9437680168223703,1.9437680168223703,2.013228920015362,0.9929067903661881,1.5707963267948966
0.01550000000000001,0.0007405194562656167,-0.00017458020786170666,1.9051623298989855,1.9051623298989855,2.022499098653887,0.9974787609089265,1.5707963267948966
0.020500000000000015,0.0012943999499449538,-0.00030734330529708705,1.8603708082743915,1.8603708082743915,2.0334317859916116,1.0028706661148652,1.5707963267948966
0.02550000000000002,0.001985317411723616,-0.00047515809565063156,1.8100547372698983,1.8100547372698983,2.0459374163246884,1.0090383329668924,1.5707963267948966
0.030500000000000024,0.002801706949932918,-0.0006764548117317777,1.7549102724172485,1.7549102724172485,2.059920261154554,1.0159345490117644,1.5707963267948966
0.035500000000000025,0.003731098473107956,-0.0009095256173106455,1.6956601703743688,1.6956601703743688,2.075279041765664,1.0235093644780549,1.5707963267948966
0.04050000000000003,0.004760274010803739,-0.0011725361108896179,1.633045518642716,1.633045518642716,2.091907557484402,1.0317104021279213,1.5707963267948966
0.045500000000000033,0.005875427532169558,-0.0014635372374804771,1.5678175487808095,1.5678175487808095,2.1096953261053635,1.0404831731097133,1.5707963267948966
0.05050000000000004,0.007062325544479836,-0.0017804775395011195,1.5007296141771638,1.5007296141771638,2.128528232981188,1.0497713970833673,1.5707963267948966
0.05550000000000004,0.008306466802152244,-0.002121215677591067,1.4325294091038845,1.4325294091038845,2.1482891852997374,1.059517324904154,1.5707963267948966
0.06050000000000005,0.00959323952062073,-0.0024835331521883795,1.3639515007872198,1.3639515007872198,2.168858768117168,1.069662062172418,1.5707963267948966
0.06550000000000004,0.010908074567610462,-0.0028651471571045244,1.2957102406753809,1.2957102406753809,2.190115898776675,1.080145891987144,1.5707963267948966
0.07050000000000005,0.012236593195613182,-0.0032637234970691736,1.2284931150329974,1.2284931150329974,2.2119384764198764,1.0909085952792579,1.5707963267948966
0.07550000000000005,0.013564747982322522,-0.003676889502283022,1.1629545885231127,1.1629545885231127,2.234204023389957,1.101889767146013,1.5707963267948966
0.08050000000000006,0.014878955759021406,-0.0041022468744013624,1.0997104876322856,1.0997104876322856,2.2567903154325264,1.113029127660509,1.5707963267948966
0.08550000000000006,0.016166221428922305,-0.004537384400060783,1.0393329637323405,1.0393329637323405,2.279575997720275,1.1242668256896333,1.5707963267948966
0.09050000000000007,0.01741425170670896,-0.004979890470041168,0.9823460683344953,0.9823460683344953,2.3024411838603323,1.1355437343192174,1.5707963267948966
0.09550000000000007,0.018611557945454982,-0.005427365344409068,0.9292219657578765,0.9292219657578765,2.3252680351879498,1.1468017365565872,1.5707963267948966
0.10050000000000008,0.01974754735613321,-0.005877433106499613,0.8803778010829045,0.8803778010829045,2.3479413178053883,1.1579840000572401,1.5707963267948966
0.10550000000000008,0.020812602066521996,-0.006327753251344227,0.836173233966631,0.836173233966631,2.370348934989956,1.1690352397038042,1.5707963267948966
0.11050000000000008,0.021798145608927077,-0.006776031857121716,0.7969086417345521,0.7969086417345521,2.3923824327689527,1.1799019669511543,1.5707963267948966
0.11550000000000009,0.02269669656827807,-0.007220032291381271,0.7628239882006743,0.7628239882006743,2.4139374766407724,1.1905327249410642,1.5707963267948966
0.1205000000000001,0.023501909262386354,-0.007657585407137233,0.7340983479695393,0.7340983479695393,2.4349142976091906,1.200878308482393,1.5707963267948966
0.12550000000000008,0.024208601463094358,-0.008086599187446464,0.710850069600201,0.710850069600201,2.4552181058915163,1.2108919680883066,1.5707963267948966
0.1305000000000001,0.02481276929941052,-0.008505067800728709,0.6931375550176517,0.6931375550176517,2.4747594708590293,1.2205295973595567,1.5707963267948966
0.1355000000000001,0.025311589610304757,-0.008911080032857073,0.6809606269905402,0.6809606269905402,2.4934546659692183,1.2297499031020283,1.5707963267948966
0.1405000000000001,0.025703410134530074,-0.009302827065908119,0.6742624513985089,0.6742624513985089,2.5112259776526344,1.238514557667016,1.5707963267948966
0.1455000000000001,0.025987728036637806,-0.009678609577397424,0.6729319764244719,0.6729319764244719,2.528001977321654,1.2467883331035536,1.5707963267948966
0.1505000000000001,0.026165157371380976,-0.010036844137815465,0.676806846757268,0.676806846757268,2.5437177558728203,1.2545392168129061,1.5707963267948966
0.1555000000000001,0.026237386182185404,-0.010376068888298725,0.6856767474019932,0.6856767474019932,2.558315120257945,1.2617385084957065,1.5707963267948966
0.16050000000000011,0.02620712401266773,-0.01069494848430122,0.6992871287862774,0.6992871287862774,2.571742751900665,1.2683608982816086,1.5707963267948966
0.16550000000000012,0.026078040682774258,-0.010992278295151184,0.7173432625316691,0.7173432625316691,2.5839563269335684,1.2743845260291795,1.5707963267948966
0.17050000000000012,0.02585469724261263,-0.011266987853366628,0.7395145755344416,0.7395145755344416,2.594918598425604,1.2797910218797344,1.5707963267948966
0.17550000000000013,0.02554247006718424,-0.011518143551541737,0.7654392088677503,0.7654392088677503,2.60459944095918,1.2845655282423691,1.5707963267948966
0.18050000000000013,0.025147469093857424,-0.011744950588485178,0.794728747469348,0.794728747469348,2.6129758581004334,1.2886967034782317,1.5707963267948966
0.18550000000000014,0.024676451231533145,-0.011946754170072642,0.8269730666023859,0.8269730666023859,2.6200319534834784,1.2921767076395287,1.5707963267948966
0.19050000000000014,0.02413672998614434,-0.012123039973952188,0.8617452416522651,0.8617452416522651,2.625758866399832,1.2950011707027953,1.5707963267948966
0.19550000000000015,0.023536082351612857,-0.012273433890795495,0.89860646892607,0.89860646892607,2.630154672946234,1.2971691438158703,1.5707963267948966
0.20050000000000015,0.02288265400898435,-0.012397701058205585,0.9371109467241974,0.9371109467241974,2.63322425393765,1.2986830341537523,1.5707963267948966
0.20550000000000015,0.022184863859594856,-0.012495744206657137,0.9768106680235511,0.9768106680235511,2.634979130936523,1.299548524049668,1.5707963267948966
0.21050000000000016,0.021451308891308033,-0.012567601339945847,1.0172600786117825,1.0172600786117825,2.635437271883671,1.2997744751339415,1.5707963267948966
0.21550000000000016,0.020690670340700452,-0.012613442775546027,1.0580205574025352,1.0580205574025352,2.6346228679404,1.2993728182744877,1.5707963267948966
0.22050000000000017,0.01991162206923987,-0.01263356757300947,1.0986646789004884,1.0986646789004884,2.6325660832648317,1.2983584301686992,1.5707963267948966
0.22550000000000017,0.01912274201874191,-0.012628399381073489,1.1387802213272031,1.1387802213272031,2.6293027795476878,1.2967489974869184,1.5707963267948966
0.23050000000000018,0.018332427551503216,-0.012598481736473367,1.1779738877185455,1.1779738877185455,2.624874217223833,1.2945648695125984,1.5707963267948966
0.23550000000000018,0.01754881541434138,-0.012544472849566307,1.2158747113141275,1.2158747113141275,2.619326735355137,1.291828900263349,1.5707963267948966
0.24050000000000019,0.01677970699420623,-0.01246713991376428,1.2521371207310956,1.2521371207310956,2.612711412247872,1.2885662811104215,1.5707963267948966
0.2455000000000002,0.016032499456973652,-0.012367352977436881,1.2864436447004681,1.2864436447004681,2.6050837089235555,1.2848043649416656,1.5707963267948966
0.25050000000000017,0.01531412328141699,-0.01224607841837827,1.3185072404967149,1.3185072404967149,2.5965030976059857,1.2805724829346046,1.5707963267948966
0.25550000000000017,0.014630986618104322,-0.01210437206213234,1.3480732345633504,1.3480732345633504,2.5870326774190993,1.275901755021999,1.5707963267948966
0.2605000000000002,0.013988926819020633,-0.011943371986435858,1.3749208681839107,1.3749208681839107,2.576738779510464,1.2708248951422283,1.5707963267948966
0.2655000000000002,0.0133931693989772,-0.01176429105477037,1.398864445324826,1.398864445324826,2.565690563823587,1.2653760123709403,1.5707963267948966
0.2705000000000002,0.012848294605239414,-0.011568409222511216,1.4197540839431508,1.4197540839431508,2.5539596097392745,1.259590409028972,1.5707963267948966
0.2755000000000002,0.012358211688141935,-0.011357065659428438,1.4374760760686813,1.4374760760686813,2.541619502791992,1.2535043768544947,1.5707963267948966
0.2805000000000002,0.01192614088359075,-0.011131650732332948,1.4519528658005072,1.4519528658005072,2.5287454196420156,1.2471549923149299,1.5707963267948966
0.2855000000000002,0.011554603039054954,-0.010893597891476432,1.4631426579695124,1.4631426579695124,2.5154137134484147,1.2405799121165526,1.5707963267948966
0.2905000000000002,0.01124541673865404,-0.010644375503910926,1.471038673580772,1.471038673580772,2.501701501742052,1.233817169947082,1.5707963267948966
0.2955000000000002,0.010999702710918897,-0.010385478676399811,1.4756680712371437,1.4756680712371437,2.487686258842092,1.2269049754590868,1.5707963267948966
0.3005000000000002,0.010817895235353907,-0.010118421109654177,1.4770905565348815,1.4770905565348815,2.473445414794662,1.219881516470066,1.5707963267948966
0.3055000000000002,0.010699760201593687,-0.009844727024654883,1.4753967038950855,1.4753967038950855,2.4590559627386535,1.2127847653187112,1.5707963267948966
0.3105000000000002,0.010644419418201528,-0.009565923200620705,1.470706017436365,1.470706017436365,2.4445940765219407,1.2056522902765945,1.5707963267948966
0.3155000000000002,0.010650380717395111,-0.009283531162806447,1.4631647592929762,1.4631647592929762,2.43013474030181,1.1985210728703561,1.5707963267948966
0.32050000000000023,0.010715573357532109,-0.008999059556772507,1.4529435752320208,1.4529435752320208,2.4157513917670745,1.191427331921993,1.5707963267948966
0.32550000000000023,0.01083738818729177,-0.008713996744070243,1.440234948519388,1.440234948519388,2.4015155805166852,1.1844063550641923,1.5707963267948966
0.33050000000000024,0.011012722004321839,-0.00842980365244754,1.4252505137275302,1.4252505137275302,2.387496643021075,1.177492338434129,1.5707963267948966
0.33550000000000024,0.011238025516781257,-0.00814790691170826,1.4082182625728368,1.4082182625728368,2.3737613954792134,1.1707182351932661,1.5707963267948966
0.34050000000000025,0.011509354298723571,-0.007869692304270839,1.3893796739235234,1.3893796739235234,2.360373845766329,1.1641156134625061,1.5707963267948966
0.34550000000000025,0.011822422119587927,-0.007596498557277694,1.368986799841517,1.368986799841517,2.3473949255460687,1.1577145242022648,1.5707963267948966
0.35050000000000026,0.012172656024080346,-0.007329611500822067,1.3472993389272068,1.3472993389272068,2.3348822434960463,1.1515433795054832,1.5707963267948966
0.35550000000000026,0.012555252541258588,-0.007070258614495751,1.3245817273407996,1.3245817273407996,2.3228898604694375,1.145628841709304,1.5707963267948966
0.36050000000000026,0.012965234410440356,-0.006819603982033352,1.3011002766972952,1.3011002766972952,2.311468087286577,1.1399957236676665,1.5707963267948966
0.36550000000000027,0.013397507226340453,-0.006578743671350202,1.2771203865951388,1.2771203865951388,2.3006633057215797,1.134666900463484,1.5707963267948966
0.3705000000000003,0.013846915426260849,-0.006348701554755188,1.2529038578645055,1.2529038578645055,2.29051781311943,1.129663232775158,1.5707963267948966
0.3755000000000003,0.014308297067814403,-0.006130425581580273,1.2287063307350803,1.2287063307350803,2.2810696909499963,1.1250035020485756,1.5707963267948966
0.3805000000000003,0.014776536876124196,-0.00592478451291874,1.2047748700510603,1.2047748700510603,2.2723526974775328,1.1207043575626514,1.5707963267948966
0.3855000000000003,0.015246617074236518,-0.005732565125617277,1.1813457174305642,1.1813457174305642,2.2643961845979614,1.116780275414208,1.5707963267948966
0.3905000000000003,0.015713665549118287,-0.005554469890135891,1.158642227905394,1.158642227905394,2.2572250387724013,1.1132435293869105,1.5707963267948966
0.3955000000000003,0.016173000947557907,-0.005391115124386883,1.1368730061139227,1.1368730061139227,2.2508596458642844,1.1101041736092427,1.5707963267948966
0.4005000000000003,0.016620174341014093,-0.005243029623201718,1.116230254583021,1.116230254583021,2.2453158795699957,1.1073700368486004,1.5707963267948966
0.4055000000000003,0.01705100714541128,-0.005110653760664452,1.0968883440530526,1.0968883440530526,2.240605113019259,1.1050467282324987,1.5707963267948966
0.4105000000000003,0.017461625030509086,-0.004994339060203467,1.0790026132007582,1.0790026132007582,2.236734253012532,1.103137654134156,1.5707963267948966
0.4155000000000003,0.017848487603224193,-0.004894348225060379,1.0627084025256037,1.0627084025256037,2.2337057962583726,1.1016440459082657,1.5707963267948966
0.4205000000000003,0.018208413699610185,-0.004810855619566041,1.0481203246120208,1.0481203246120208,2.231517906875079,1.100564998114125,1.5707963267948966
0.4255000000000003,0.01853860217056998,-0.004743948189558036,1.035331770487857,1.035331770487857,2.230164514327806,1.0998975168173593,1.5707963267948966
0.4305000000000003,0.01883664809626966,-0.004693626808280707,1.0244146493918542,1.0244146493918542,2.229635430885459,1.0996365775186268,1.5707963267948966
0.43550000000000033,0.019100554413146686,-0.004659808032225579,1.0154193569618355,1.0154193569618355,2.2299164876011894,1.0997751922180048,1.5707963267948966
0.44050000000000034,0.019328738984890584,-0.0046423262496043515,1.008374964680723,1.008374964680723,2.23098968774654,1.1003044850873582,1.5707963267948966
0.44550000000000034,0.01952003719438132,-0.004640936202505047,1.0032896213875062,1.0032896213875062,2.2328333765624606,1.1012137761900491,1.5707963267948966
0.45050000000000034,0.01967370017689453,-0.004655315862270169,1.0001511557909468,1.0001511557909468,2.2354224261307603,1.1024906726579082,1.5707963267948966
0.45550000000000035,0.019789388855555,-0.004685069636258943,0.9989278672289645,0.9989278672289645,2.2387284341170903,1.104121166709527,1.5707963267948966
0.46050000000000035,0.01986716397771057,-0.004729731882918051,0.999569490408056,0.999569490408056,2.24271993509174,1.1060897398718144,1.5707963267948966
0.46550000000000036,0.01990747238532032,-0.004788770710990176,1.0020083185437922,1.0020083185437922,2.2473626230968864,1.108379472748206,1.5707963267948966
0.47050000000000036,0.019911129783358246,-0.004861592037739921,1.006160468212877,1.006160468212877,2.2526195840991687,1.1109721596622288,1.5707963267948966
0.47550000000000037,0.019879300297424938,-0.004947543880273869,1.0119272683237712,1.0119272683237712,2.258451536943918,1.1138484274940077,1.5707963267948966
0.48050000000000037,0.0198134731350796,-0.005045920853377063,1.0191967549191727,1.0191967549191727,2.264817081412584,1.1169878580200048,1.5707963267948966
0.4855000000000004,0.019715436684740063,-0.005155968846782084,1.0278452530398623,1.0278452530398623,2.271672951977243,1.120369113062511,1.5707963267948966
0.4905000000000004,0.019587250401283108,-0.00527688985442881,1.0377390266036315,1.0377390266036315,2.278974275846078,1.1239700617554067,1.5707963267948966
0.4955000000000004,0.019431214838686803,-0.0054078469280617065,1.0487359771811726,1.0487359771811726,2.2866748339004324,1.1277679092360198,1.5707963267948966
0.5005000000000003,0.019249840197210367,-0.005547969227445046,1.0606873726771304,1.0606873726771304,2.294727323138198,1.131739326079896,1.5707963267948966
0.5054999999999997,0.019045813755764265,-0.0056963571395522985,1.073439587240967,1.073439587240967,2.3030836192587842,1.1358605778053965,1.5707963267948966
0.5104999999999992,0.018821966559383226,-0.005852087439300735,1.0868358342296243,1.0868358342296243,2.3116950380521946,1.1401076537884889,1.5707963267948966
0.5154999999999986,0.01858123972721244,-0.006014218464752073,1.1007178747110493,1.1007178747110493,2.320512594288164,1.144456394944593,1.5707963267948966
0.5204999999999981,0.01832665073832209,-0.006181795280180246,1.114927684822029,1.114927684822029,2.329487256840703,1.1488826195537611,1.5707963267948966
0.5254999999999975,0.018061260041178202,-0.006353854801013068,1.1293090662621017,1.1293090662621017,2.33857019882826,1.1533622466276057,1.5707963267948966
0.530499999999997,0.01778813831794706,-0.00652943085537989,1.1437091853025652,1.1437091853025652,2.3477130416002607,1.1578714162413128,1.5707963267948966
0.5354999999999964,0.017510334717250442,-0.006707559157836311,1.1579800269007752,1.1579800269007752,2.3568680914556124,1.1623866062811272,1.5707963267948966
0.5404999999999959,0.017230846348794106,-0.006887282171782994,1.1719797518184334,1.1719797518184334,2.365988568038899,1.166884745087345,1.5707963267948966
0.5454999999999953,0.016952589310755686,-0.007067653838141558,1.1855739460322414,1.1855739460322414,2.3750288234234094,1.1713433195041365,1.5707963267948966
0.5504999999999948,0.016678371496248238,-0.007247744148989181,1.1986367531789124,1.1986367531789124,2.383944550958196,1.175740477881077,1.5707963267948966
0.5554999999999942,0.016410867398889417,-0.0074266435460770604,1.2110518822773357,1.2110518822773357,2.392692983026844,1.1800551276060331,1.5707963267948966
0.5604999999999937,0.016152595109830144,-0.007603467125458536,1.2227134845016816,1.2227134845016816,2.4012330769397474,1.1842670267855968,1.5707963267948966
0.5654999999999931,0.01590589566985829,-0.007777358630822025,1.2335268943237325,1.2335268943237325,2.4095256882576486,1.1883568697267308,1.5707963267948966
0.5704999999999926,0.015672914910722358,-0.0079474942195538,1.2434092318845744,1.2434092318845744,2.4175337309227003,1.1923063659119988,1.5707963267948966
0.575499999999992,0.015455587889942462,-0.008113085987037454,1.2522898649791538,1.2522898649791538,2.425222323652859,1.1960983121999929,1.5707963267948966
0.5804999999999915,0.015255625993410503,-0.008273385236222069,1.260110730527225,1.260110730527225,2.4325589221365576,1.1997166580225826,1.5707963267948966
0.5854999999999909,0.01507450675033775,-0.008427685481050969,1.2668265168466863,1.2668265168466863,2.4395134366461595,1.2031465633908363,1.5707963267948966
0.5904999999999904,0.01491346637588354,-0.00857532517392892,1.2724047094269646,1.2724047094269646,2.4460583347706155,1.2063744495618622,1.5707963267948966
0.5954999999999898,0.014773495028375334,-0.008715690149009098,1.276825504208916,1.276825504208916,2.4521687290495358,1.2093880422591639,1.5707963267948966
0.6004999999999893,0.01465533474067262,-0.008848215774693574,1.280081593602574,1.280081593602574,2.4578224493720047,1.2121764073790966,1.5707963267948966
0.6054999999999887,0.014559479959180634,-0.008972388810354087,1.282177831605224,1.282177831605224,2.4630001000838133,1.2147299791556534,1.5707963267948966
0.6104999999999882,0.014486180599507495,-0.0090877489638853,1.2831307854112493,1.2831307854112493,2.4676851018255457,1.2170405807946405,1.5707963267948966
0.6154999999999876,0.014435447504981462,-0.009193890148292562,1.2829681818247498,1.2829681818247498,2.4718637182011682,1.2191014376263907,1.5707963267948966
0.6204999999999871,0.014407060173379376,-0.009290461437082625,1.281728257590276,1.281728257590276,2.4755250674518035,1.220907182863167,1.5707963267948966
0.6254999999999865,0.01440057659841406,-0.009377167719761314,1.279459023441665,1.279459023441665,2.4786611193819974,1.2224538560832232,1.5707963267948966
0.630499999999986,0.014415345055912415,-0.009453770060239728,1.27621745223092,1.27621745223092,2.4812666778557677,1.22373889459801,1.5707963267948966
0.6354999999999854,0.014450517650285412,-0.009520085762403206,1.2720686019364258,1.2720686019364258,2.483339349246415,1.2247611178918996,1.5707963267948966
0.6404999999999849,0.014505065424918008,-0.00957598814849864,1.2670846846624004,1.2670846846624004,2.4848794972878134,1.2255207053552377,1.5707963267948966
0.6454999999999843,0.014577794830536471,-0.009621406057339679,1.2613440929299724,1.2613440929299724,2.4858901848346773,1.2260191675610221,1.5707963267948966
0.6504999999999838,0.014667365338461793,-0.009656323070610226,1.2549303946270038,1.2549303946270038,2.4863771030955824,1.2262593113632492,1.5707963267948966
0.6554999999999832,0.01477230798092472,-0.009680776476759223,1.2479313079319143,1.2479313079319143,2.4863484889545555,1.2262451991206504,1.5707963267948966
0.6604999999999827,0.014891044598269617,-0.00969485598311934,1.2404376673607953,1.2404376673607953,2.4858150310451497,1.2259821023732524,1.5707963267948966
0.6654999999999821,0.01502190757285664,-0.009698702187944308,1.2325423918124654,1.2325423918124654,2.484789765284285,1.2254764503205864,1.5707963267948966
0.6704999999999816,0.015163159831708616,-0.009692504825040702,1.2243394651091157,1.2243394651091157,2.4832879606124583,1.2247357734697646,1.5707963267948966
0.675499999999981,0.015313014904343458,-0.009676500794566636,1.2159229390581754,1.2159229390581754,2.4813269957213047,1.2237686428385985,1.5707963267948966
0.6804999999999805,0.015469656828669348,-0.009650971994378896,1.2073859685017876,1.2073859685017876,2.478926227579359,1.2225846051136613,1.5707963267948966
0.6854999999999799,0.015631259706165527,-0.009616242967029792,1.1988198871825486,1.1988198871825486,2.476106852591973,1.2211941141755804,1.5707963267948966
0.6904999999999794,0.01579600671767802,-0.009572678378143067,1.1903133325468682,1.1903133325468682,2.4728917612517303,1.2196084594139,1.5707963267948966
0.6954999999999788,0.01596210842286632,-0.009520680342433526,1.1819514268402125,1.1819514268402125,2.469305387151141,1.2178396912614728,1.5707963267948966
0.7004999999999783,0.016127820179471255,-0.009460685614076807,1.173815021031087,1.173815021031087,2.4653735512403934,1.2159005443837512,1.5707963267948966
0.7054999999999777,0.016291458532954464,-0.009393162658483476,1.1659800072432878,1.1659800072432878,2.4611233022189194,1.2138043589613123,1.5707963267948966
0.7104999999999771,0.016451416442499447,-0.009318608622785617,1.1585167044884157,1.1585167044884157,2.456582753951083,1.2115650005047063,1.5707963267948966
0.7154999999999766,0.016606177225667932,-0.00923754622250492,1.1514893215832962,1.1514893215832962,2.4517809207931394,1.2091967786391613,1.5707963267948966
0.720499999999976,0.016754327120980638,-0.009150520561939999,1.1449555002194876,1.1449555002194876,2.44674755171123,1.206714365293038,1.5707963267948966
0.7254999999999755,0.016894566385140534,-0.009058095905788904,1.1389659402343724,1.1389659402343724,2.4415129640581266,1.204132712717983,1.5707963267948966
0.730499999999975,0.01702571885934689,-0.008960852419412422,1.1335641082246817,1.1335641082246817,2.436107877860616,1.201466971760923,1.5707963267948966
0.7354999999999744,0.0171467399569675,-0.008859382894947124,1.1287860297528283,1.1287860297528283,2.4305632514492608,1.1987324107981108,1.5707963267948966
0.7404999999999738,0.01725672304256089,-0.0087542894801972,1.1246601645325347,1.1246601645325347,2.424910119238581,1.1959443357297381,1.5707963267948966
0.7454999999999733,0.017354904189690025,-0.008646180426873649,1.1212073631509933,1.1212073631509933,2.4191794324380576,1.1931180114200028,1.5707963267948966
0.7504999999999727,0.017440665321975697,-0.008535666874312347,1.11844090309745,1.11844090309745,2.4134019034436824,1.1902685849523913,1.5707963267948966
0.7554999999999722,0.017513535758241376,-0.008423359684292165,1.1163666011294662,1.1163666011294662,2.407607854625654,1.1874110110531002,1.5707963267948966
0.7604999999999716,0.0175731921982532,-0.008309866341995245,1.1149829983240087,1.1149829983240087,2.401827072190821,1.1845599800172797,1.5707963267948966
0.7654999999999711,0.017619457200324595,-0.00819578793750761,1.1142816135362785,1.1142816135362785,2.3960886657588887,1.1817298484532532,1.5707963267948966
0.7704999999999705,0.017652296215811377,-0.00808171624155459,1.1142472604291913,1.1142472604291913,2.3904209342491822,1.1789345731390495,1.5707963267948966
0.77549999999997,0.017671813258163242,-0.007968230888406485,1.1148584227442684,1.1148584227442684,2.384851238630586,1.1761876482637925,1.5707963267948966
0.7804999999999694,0.017678245295628173,-0.007855896678080647,1.1160876820632573,1.1160876820632573,2.3794058820410435,1.1735020463036931,1.5707963267948966
0.7854999999999689,0.017671955466850037,-0.007745261009111816,1.1179021919610281,1.1179021919610281,2.3741099977351734,1.1708901627587995,1.5707963267948966
0.7904999999999683,0.017653425227395325,-0.007636851452268499,1.1202641921754015,1.1202641921754015,2.3689874452694437,1.168363764952438,1.5707963267948966
0.7954999999999678,0.017623245542645983,-0.007531173474664451,1.123131556218895,1.123131556218895,2.3640607152840554,1.1659339450704769,1.5707963267948966
0.8004999999999672,0.0175821072484725,-0.007428708322756823,1.1264583657306617,1.1264583657306617,2.359350843189699,1.1636110775923925,1.5707963267948966
0.8054999999999667,0.017530790705639565,-0.007329911071741214,1.130195504812831,1.130195504812831,2.3548773320157346,1.1614047812406718,1.5707963267948966
0.8104999999999661,0.01747015487699674,-0.00723520884785466,1.1342912676124395,1.1342912676124395,2.3506580846245626,1.1593238855495362,1.5707963267948966
0.8154999999999656,0.01740112595818435,-0.007144999229085553,1.1386919724954343,1.1386919724954343,2.346709345445154,1.157376402128431,1.5707963267948966
0.820499999999965,0.017324685692869008,-0.00705964882877031,1.1433425763099094,1.1433425763099094,2.3430456518272496,1.155569500670344,1.5707963267948966
0.8254999999999645,0.017241859502457296,-0.0069794920655354325,1.1481872824480048,1.1481872824480048,2.3396797950666213,1.1539094897298086,1.5707963267948966
0.8304999999999639,0.017153704557875,-0.00690483012202581,1.1531701366855915,1.1531701366855915,2.3366227911018247,1.1524018022707987,1.5707963267948966
0.8354999999999634,0.01706129791740928,-0.00683593009385064,1.1582356051013907,1.1582356051013907,2.33388386083346,1.1510509859603626,1.5707963267948966
0.8404999999999628,0.016965724849870106,-0.006773024329182309,1.1633291287473961,1.1633291287473961,2.3314704199692886,1.1498606981603219,1.5707963267948966
0.8454999999999623,0.01686806745652042,-0.0067163099584656985,1.1683976501551216,1.1683976501551216,2.329388078251924,1.148833705546378,1.5707963267948966
0.8504999999999617,0.016769393698447006,-0.006665948612740164,1.173390107211676,1.173390107211676,2.32764064788117,1.1479718882619332,1.5707963267948966
0.8554999999999612,0.01667074692839696,-0.006622066328148526,1.1782578904200283,1.1782578904200283,2.32623016090018,1.1472762484927919,1.5707963267948966
0.8604999999999606,0.01657313601769424,-0.0065847536333106665,1.182955260063324,1.182955260063324,2.325156895273693,1.146746923328718,1.5707963267948966
0.8654999999999601,0.016477526159788963,-0.006554065815377859,1.1874397203176494,1.1874397203176494,2.3244194093481085,1.1463832017588396,1.5707963267948966
0.8704999999999595,0.01638483042239235,-0.006530023359761415,1.191672347895156,1.191672347895156,2.3240145843467843,1.146183545629957,1.5707963267948966
0.875499999999959,0.016295902110128827,-0.006512612557748863,1.1956180733442454,1.1956180733442454,2.323937674520289,1.146145614380205,1.5707963267948966
0.8804999999999584,0.016211527989309804,-0.00650178627548597,1.19924591367944,1.19924591367944,2.324182364540122,1.146266293345131,1.5707963267948966
0.8854999999999579,0.0161324224159172,-0.006497464877116137,1.2025291555553754,1.2025291555553754,2.3247408336960906,1.1465417254192776,1.5707963267948966
0.8904999999999573,0.01605922239729239,-0.006499537294232587,1.2054454887312465,1.2054454887312465,2.325603826431935,1.1469673458437297,1.5707963267948966
0.8954999999999568,0.01599248360746902,-0.006507862233215608,1.2079770900892537,1.2079770900892537,2.3267607287310117,1.1475379198788647,1.5707963267948966
0.9004999999999562,0.015932677365672887,-0.006522269511498613,1.2101106589680426,1.2101106589680426,2.3281996498442306,1.1482475831118495,1.5707963267948966
0.9054999999999557,0.015880188577340824,-0.006542561513334698,1.2118374050455674,1.2118374050455674,2.3299075088355963,1.149089884140141,1.5707963267948966
0.9104999999999551,0.01583531462717934,-0.006568514755220815,1.2131529904510068,1.2131529904510068,2.331870125406908,1.1500578293654287,1.5707963267948966
0.9154999999999546,0.015798265204382194,-0.006599881550780656,1.2140574281988383,1.2140574281988383,2.3340723144525435,1.1511439296272237,1.5707963267948966
0.920499999999954,0.015769163031236225,-0.006636391764610396,1.2145549394166288,1.2145549394166288,2.3364979837874618,1.1523402484014467,1.5707963267948966
0.9254999999999535,0.01574804545804067,-0.006677754644353962,1.2146537721788915,1.2146537721788915,2.3391302344867695,1.1536384512870226,1.5707963267948966
0.9304999999999529,0.015734866879613247,-0.006723660720096401,1.214365985060122,1.214365985060122,2.341951463273552,1.1550298565026558,1.5707963267948966
0.9354999999999524,0.015729501921712564,-0.0067737837600449,1.2137071987792276,1.2137071987792276,2.3449434663925857,1.1565054861164321,1.5707963267948966
0.9404999999999518,0.01573174933951952,-0.00682778277140654,1.2126963195236395,1.2126963195236395,2.34808754441173,1.1580561177329427,1.5707963267948966
0.9454999999999513,0.015741336564928494,-0.006885304035368967,1.211355237713619,1.211355237713619,2.3513646073992427,1.1596723363658115,1.5707963267948966
0.9504999999999507,0.01575792483483137,-0.006945983165143698,1.2097085060954078,1.2097085060954078,2.354755279934846,1.161344586228228,1.5707963267948966
0.9554999999999502,0.015781114828853672,-0.007009447176140381,1.2077830011359592,1.2077830011359592,2.358240005424217,1.1630632221799369,1.5707963267948966
0.9604999999999496,0.01581045274213265,-0.0070753165575022075,1.2056075717326764,1.2056075717326764,2.361799149200941,1.1648185605762142,1.5707963267948966
0.9654999999999491,0.015845436716713526,-0.007143207334446024,1.2032126792498794,1.2032126792498794,2.365413099916714,1.1666009292726227,1.5707963267948966
0.9704999999999485,0.015885523553974764,-0.0072127331111133215,1.2006300328509143,1.2006300328509143,2.3690623687394923,1.1684007165486672,1.5707963267948966
0.975499999999948,0.015930135630160096,-0.007283507083947846,1.1978922240129637,1.1978922240129637,2.3727276859002546,1.1702084187238073,1.5707963267948966
0.9804999999999474,0.015978667937570926,-0.007355144015969573,1.1950323639924225,1.1950323639924225,2.376390094151871,1.1720146862505498,1.5707963267948966
0.9854999999999469,0.016030495175225087,-0.007427262162710446,1.192083727855085,1.192083727855085,2.380031038728235,1.173810368081502,1.5707963267948966
0.9904999999999463,0.016084978814779872,-0.007499485141011891,1.1890794084996514,1.1890794084996514,2.3836324534180315,1.1755865541201946,1.5707963267948966
0.9954999999999458,0.016141474070202815,-0.007571443732354411,1.1860519838883543,1.1860519838883543,2.387176842395096,1.177334615579097,1.5707963267948966
1.0004999999999453,0.0161993367030037,-0.007642777612892711,1.183033200458,1.183033200458,2.390647357476271,1.179046243082511,1.5707963267948966
1.0054999999999448,0.01625792959875985,-0.007713137002902369,1.180053675421596,1.180053675421596,2.394027870507603,1.180713482366807,1.5707963267948966
1.0104999999999442,0.016316629055114763,-0.00778218422890283,1.1771426203885067,1.1771426203885067,2.3973030406105815,1.182328767445678,1.5707963267948966
1.0154999999999437,0.01637483072634463,-0.007849595192303082,1.1743275884332927,1.1743275884332927,2.4004583760517857,1.1838849511237024,1.5707963267948966
1.0204999999999431,0.016431955174902802,-0.00791506073901728,1.1716342464335072,1.1716342464335072,2.4034802905314527,1.185375332757374,1.5707963267948966
1.0254999999999426,0.01648745298600094,-0.00797828792511452,1.1690861741784186,1.1690861741784186,2.406356153718978,1.1867936831787638,1.5707963267948966
1.030499999999942,0.01654080940719887,-0.008039001174196312,1.1667046914273167,1.1667046914273167,2.4090743358961757,1.1881342667131842,1.5707963267948966
1.0354999999999415,0.016591548481084118,-0.008096943322833556,1.1645087137713854,1.1645087137713854,2.411624246601922,1.1893918602383875,1.5707963267948966
1.040499999999941,0.016639236645357134,-0.008151876551038996,1.1625146378302231,1.1625146378302231,2.4139963672044216,1.1905617692489192,1.5707963267948966
1.0454999999999404,0.016683485780931977,-0.008203583195397079,1.160736255996464,1.160736255996464,2.4161822773597432,1.1916398409052378,1.5707963267948966
1.0504999999999398,0.01672395569494803,-0.008251866443118261,1.159184700632486,1.159184700632486,2.418174675347186,1.192622474062936,1.5707963267948966
1.0554999999999393,0.016760356031802336,-0.008296550905925482,1.1578684173248297,1.1578684173248297,2.4199673923033305,1.1935066262928506,1.5707963267948966
1.0604999999999387,0.016792447611392737,-0.008337483073313542,1.156793166517506,1.156793166517506,2.421555400407227,1.194289817917926,1.5707963267948966
1.0654999999999382,0.01682004319965174,-0.008374531645344668,1.1559620525770746,1.1559620525770746,2.4229348150988437,1.1949701331073315,1.5707963267948966
1.0704999999999376,0.016843007722095567,-0.008407587745752431,1.1553755790926876,1.1553755790926876,2.4241028914414464,1.195546218082421,1.5707963267948966
1.075499999999937,0.01686125793646267,-0.008436565016718736,1.1550317289849288,1.1550317289849288,2.4250580147662557,1.1960172765027586,1.5707963267948966
1.0804999999999365,0.016874761585525654,-0.008461399597262076,1.1549260677901492,1.1549260677901492,2.4257996857638275,1.1963830621133194,1.5707963267948966
1.085499999999936,0.016883536055790602,-0.008482049987727251,1.15505186830326,1.15505186830326,2.4263285002114654,1.196643868746228,1.5707963267948966
1.0904999999999354,0.01688764657201225,-0.008498496803394486,1.1554002546029454,1.1554002546029454,2.4266461235494607,1.196800517781983,1.5707963267948966
1.0954999999999349,0.01688720396122391,-0.00851074242072802,1.1559603633495847,1.1559603633495847,2.4267552605406837,1.1968543431858345,1.5707963267948966
1.1004999999999343,0.01688236202328276,-0.008518810520257662,1.15671952013857,1.15671952013857,2.4266596202682837,1.1968071742449584,1.5707963267948966
1.1054999999999338,0.016873314547745637,-0.008522745530530614,1.1576634286102874,1.1576634286102874,2.4263638767447695,1.1966613161412003,1.5707963267948966
1.1104999999999332,0.01686029201920562,-0.008522611977982921,1.1587763699627833,1.1587763699627833,2.4258736254223834,1.1964195285023762,1.5707963267948966
1.1154999999999327,0.01684355805502721,-0.00851849374795886,1.1600414104838659,1.1600414104838659,2.4251953359096823,1.1960850020825045,1.5707963267948966
1.120499999999932,0.016823405620716825,-0.008510493262451315,1.1614406147154122,1.1614406147154122,2.424336301212151,1.1956613337277242,1.5707963267948966
1.1254999999999316,0.016800153068958268,-0.008498730580445384,1.162955261883262,1.162955261883262,2.423304583826027,1.1951524997902434,1.5707963267948966
1.130499999999931,0.016774140048639,-0.008483342427020623,1.164566063270258,1.164566063270258,2.4221089590235874,1.1945628281571419,1.5707963267948966
1.1354999999999305,0.016745723330004753,-0.008464481157603478,1.1662533782764593,1.1662533782764593,2.4207588556755977,1.1938969690645234,1.5707963267948966
1.14049999999993,0.01671527259142638,-0.008442313663960359,1.167997426997957,1.167997426997957,2.41926429496213,1.1931598648702295,1.5707963267948966
1.1454999999999294,0.01668316621216431,-0.008417020228683162,1.1697784972624494,1.1697784972624494,2.417635827326331,1.192356718959995,1.5707963267948966
1.1504999999999288,0.016649787113999545,-0.008388793335042687,1.1715771441840872,1.1715771441840872,2.415884468027616,1.1914929639628475,1.5707963267948966
1.1554999999999283,0.01661551869269472,-0.008357836439171679,1.1733743804401595,1.1733743804401595,2.4140216316503955,1.1905742294513895,1.5707963267948966
1.1604999999999277,0.016580740877985896,-0.008324362711588299,1.1751518556261187,1.1751518556261187,2.4120590659226315,1.189606309301692,1.5707963267948966
1.1654999999999271,0.01654582635822181,-0.008288593755083297,1.176892023211101,1.176892023211101,2.4100087851946137,1.1885951288856118,1.5707963267948966
1.1704999999999266,0.016511137002897514,-0.008250758305970593,1.1785782937914875,1.1785782937914875,2.4078830039231187,1.1875467122657648,1.5707963267948966
1.175499999999926,0.016477020513213984,-0.008211090925642456,1.1801951735229803,1.1801951735229803,2.405694070498802,1.1864671495597776,1.5707963267948966
1.1804999999999255,0.016443807327473223,-0.008169830689277732,1.181728386800098,1.181728386800098,2.403454401746178,1.1853625646362536,1.5707963267948966
1.185499999999925,0.01641180780463095,-0.008127219878426043,1.1831649824437842,1.1831649824437842,2.4011764184153432,1.184239083299859,1.5707963267948966
1.1904999999999244,0.01638130970571717,-0.008083502684033614,1.1844934228508301,1.1844934228508301,2.3988724819730107,1.1831028021172172,1.5707963267948966
1.1954999999999238,0.016352575989139785,-0.008038923926289094,1.1857036557511589,1.1857036557511589,2.3965548329875364,1.1819597580289447,1.5707963267948966
1.2004999999999233,0.016325842932148345,-0.007993727797451817,1.186787168408641,1.186787168408641,2.394235531388494,1.1808158988862008,1.5707963267948966
1.2054999999999227,0.016301318586993893,-0.007948156633582042,1.1877370242862044,1.1877370242862044,2.391926398866169,1.1796770550426232,1.5707963267948966
1.2104999999999222,0.01627918157661533,-0.007902449720824822,1.188547882374825,1.188547882374825,2.389638963659804,1.1785489121243775,1.5707963267948966
1.2154999999999216,0.016259580231048537,-0.007856842141607936,1.189215999556879,1.189215999556879,2.387384407966551,1.177436985092715,1.5707963267948966
1.220499999999921,0.01624263206222798,-0.0078115636658017875,1.1897392165358798,1.1897392165358798,2.3851735181846614,1.1763465937043514,1.5707963267948966
1.2254999999999205,0.016228423571462827,-0.007766837691557478,1.1901169280153767,1.1901169280153767,2.383016638185959,1.1752828394658617,1.5707963267948966
1.23049999999992,0.01621701038065198,-0.00772288024019028,1.19035003794863,1.19035003794863,2.3809236257930686,1.1742505841686321,1.5707963267948966
1.2354999999999194,0.016208417675281393,-0.007679899009111735,1.190440900806594,1.190440900806594,2.3789038126170854,1.1732544300811527,1.5707963267948966
1.240499999999919,0.016202640944447833,-0.007638092486436732,1.1903932499237253,1.1903932499237253,2.376965967391109,1.1722987018654385,1.5707963267948966
1.2454999999999183,0.0161996470005962,-0.007597649130504238,1.1902121140787711,1.1902121140787711,2.3751182629144383,1.1713874302741967,1.5707963267948966
1.2504999999999178,0.016199375259362474,-0.0075587466171542625,1.1899037235500678,1.1899037235500678,2.373368246701713,1.1705243376752426,1.5707963267948966
1.2554999999999172,0.016201739257894233,-0.007521551157201081,1.189475406952084,1.189475406952084,2.3717228154102448,1.169712825439283,1.5707963267948966
1.2604999999999167,0.016206628388289,-0.007486216886136059,1.188935480211406,1.188935480211406,2.370188193098403,1.1689559632171451,1.5707963267948966
1.2654999999999161,0.016213909821354282,-0.007452885327684792,1.1882931290763201,1.1882931290763201,2.368769913347105,1.168256480122251,1.5707963267948966
1.2704999999999156,0.016223430594758226,-0.0074216849324346,1.1875582865746162,1.1875582865746162,2.3674728052562988,1.1676167578242074,1.5707963267948966
1.275499999999915,0.016235019838806857,-0.007392730692342066,1.1867415068396039,1.1867415068396039,2.3663009833083977,1.1670388255495396,1.5707963267948966
1.2804999999999145,0.01624849111255288,-0.007366123831528058,1.18585383671491,1.18585383671491,2.3652578410710428,1.1665243569759511,1.5707963267948966
1.285499999999914,0.01626364482270628,-0.007341951573371587,1.1849066865251578,1.1849066865251578,2.3643460486927443,1.1660746689971941,1.5707963267948966
1.2904999999999134,0.01628027069787201,-0.0073202869835259,1.183911701362655,1.183911701362655,2.3635675541265027,1.16569072232655,1.5707963267948966
1.2954999999999128,0.016298150290974457,-0.00730118888810194,1.1828806341907205,1.1828806341907205,2.362923587998995,1.1653731238982683,1.5707963267948966
1.3004999999999123,0.016317059483329604,-0.007284701865897796,1.1818252220029855,1.1818252220029855,2.362414672026013,1.1651221310179873,1.5707963267948966
1.3054999999999117,0.01633677096467888,-0.0072708563131992825,1.1807570662061617,1.1807570662061617,2.3620406308588136,1.1649376572052497,1.5707963267948966
1.3104999999999112,0.016357056664587175,-0.007259668579338161,1.1796875183121964,1.1796875183121964,2.361800607231089,1.164819279663855,1.5707963267948966
1.3154999999999106,0.016377690111911283,-0.007251141170871945,1.1786275719358188,1.1786275719358188,2.3616930802619764,1.1647662483087429,1.5707963267948966
1.32049999999991,0.01639844870054526,-0.007245263021944144,1.1775877619963147,1.1775877619963147,2.3617158867576182,1.1647774962717352,1.5707963267948966
1.3254999999999095,0.01641911584132311,-0.007242009828097407,1.1765780719190815,1.1765780719190815,2.3618662453416337,1.164851651802472,1.5707963267948966
1.330499999999909,0.01643948298178372,-0.0072413444405452386,1.175607849524621,1.175607849524621,2.362140783234031,1.1649870514755367,1.5707963267948966
1.3354999999999084,0.016459351477455756,-0.007243217317661958,1.1746857321811233,1.1746857321811233,2.3625355654882645,1.1651817546099132,1.5707963267948966
1.3404999999999079,0.016478534300375543,-0.007247567030226039,1.1738195816830823,1.1738195816830823,2.363046126487594,1.1654335588027154,1.5707963267948966
1.3454999999999073,0.016496857572685587,-0.007254320816749583,1.1730164292036802,1.1730164292036802,2.363667503494464,1.1657400164754443,1.5707963267948966
1.3504999999999068,0.016514161915350236,-0.007263395185047149,1.1722824305541515,1.1722824305541515,2.364394272040343,1.1660984523279465,1.5707963267948966
1.3554999999999062,0.016530303604244123,-0.00727469655604081,1.1716228318701905,1.1716228318701905,2.365220582938618,1.1665059815928474,1.5707963267948966
1.3604999999999057,0.016545155528094595,-0.007288121945665498,1.1710419457348074,1.1710419457348074,2.366140200699117,1.1669595289812555,1.5707963267948966
1.3654999999999051,0.016558607944968617,-0.007303559680629669,1.170543137639889,1.170543137639889,2.367146543120448,1.1674558482093569,1.5707963267948966
1.3704999999999046,0.016570569036165134,-0.007320890143701026,1.1701288225860922,1.1701288225860922,2.368232721834774,1.1679915419947398,1.5707963267948966
1.375499999999904,0.016580965258485077,-0.007339986544125544,1.1698004715235264,1.1698004715235264,2.3693915835795063,1.1685630824112323,1.5707963267948966
1.3804999999999035,0.016589741497883132,-0.007360715708750159,1.16955862724464,1.16955862724464,2.3706157519712803,1.1691668314914585,1.5707963267948966
1.385499999999903,0.0165968610294399,-0.00738293888940478,1.1694029292567918,1.1694029292567918,2.371897669559616,1.1697990619673342,1.5707963267948966
1.3904999999999024,0.0166023052904138,-0.007406512582107578,1.1693321470854832,1.1693321470854832,2.3732296399408317,1.1704559780402792,1.5707963267948966
1.3954999999999018,0.01660607347482375,-0.007431289353688139,1.1693442213909886,1.1693442213909886,2.3746038697168905,1.17113373607495,1.5707963267948966
1.4004999999999013,0.016608181959563418,-0.00745711867147543,1.1694363122213574,1.1694363122213574,2.376012510089127,1.1718284651129014,1.5707963267948966
1.4054999999999007,0.016608663573444378,-0.00748384773177102,1.1696048536739005,1.1696048536739005,2.3774476978829124,1.1725362871055882,1.5707963267948966
1.4104999999999002,0.0166075667217998,-0.007511322282921645,1.169845614195537,1.169845614195537,2.378901595806398,1.1732533367696258,1.5707963267948966
1.4154999999998996,0.016604954380344553,-0.007539387438918301,1.1701537617199307,1.1701537617199307,2.380366431754352,1.1739757809710953,1.5707963267948966
1.420499999999899,0.01660090297287687,-0.007567888479580464,1.1705239328160582,1.1705239328160582,2.3818345369768834,1.1746998375500226,1.5707963267948966
1.4254999999998985,0.016595501148117763,-0.007596671633532847,1.1709503050089256,1.1709503050089256,2.3832983829422862,1.1754217935008082,1.5707963267948966
1.430499999999898,0.016588848471515087,-0.007625584840347103,1.1714266714281234,1.1714266714281234,2.384750616733316,1.1761380224293603,1.5707963267948966
1.4354999999998974,0.016581054048190897,-0.007654478488400982,1.1719465169438301,1.1719465169438301,2.3861840948270063,1.1768450012130027,1.5707963267948966
1.4404999999998969,0.016572235093385134,-0.007683206125201347,1.1725030949621316,1.1725030949621316,2.3875919151194447,1.1775393257948126,1.5707963267948966
1.4454999999998963,0.016562515466749913,-0.0077116251371239924,1.1730895040719826,1.1730895040719826,2.3889674470685174,1.178217726049757,1.5707963267948966
1.4504999999998958,0.016552024186682647,-0.007739597395740905,1.1736987637641103,1.1736987637641103,2.3903043598400546,1.178877079666124,1.5707963267948966
1.4554999999998952,0.016540893940559794,-0.007766989868133344,1.1743238884771932,1.1743238884771932,2.3915966483550335,1.1795144249917737,1.5707963267948966
1.4604999999998947,0.016529259606254985,-0.007793675188825323,1.1749579592682533,1.1749579592682533,2.3928386571484714,1.1801269728011354,1.5707963267948966
1.465499999999894,0.016517256799705483,-0.007819532191215554,1.1755941924514823,1.1755941924514823,2.3940251019634236,1.1807121169451764,1.5707963267948966
1.4704999999998936,0.016505020462540168,-0.007844446396635129,1.176226004602331,1.176226004602331,2.3951510890167174,1.1812674438530928,1.5707963267948966
1.475499999999893,0.016492683502912865,-0.007868310459411906,1.1768470733806131,1.1768470733806131,2.3962121318860645,1.1817907408608848,1.5707963267948966
1.4804999999998925,0.016480375501709284,-0.007891024566579238,1.1774513936871152,1.1774513936871152,2.3972041659814187,1.182280003348503,1.5707963267948966
1.485499999999892,0.01646822149522769,-0.007912496791125132,1.1780333287318665,1.1780333287318665,2.398123560576407,1.182733440673645,1.5707963267948966
1.4904999999998914,0.01645634084428682,-0.007932643397936551,1.1785876556581545,1.1785876556581545,2.3989671283885405,1.1831494808966292,1.5707963267948966
1.4954999999998908,0.016444846198503532,-0.007951389101851353,1.1791096054337442,1.1791096054337442,2.3997321327097656,1.1835267742971225,1.5707963267948966
1.5004999999998903,0.016433842563221782,-0.007968667277485754,1.1795948967889383,1.1795948967889383,2.400416292101065,1.183864195689474,1.5707963267948966
1.5054999999998897,0.0164234264752788,-0.007984420120757105,1.1800397640492268,1.1800397640492268,2.401017782677161,1.1841608455495118,1.5707963267948966
1.5104999999998892,0.01641368529247707,-0.007998598762268943,1.1804409787778116,1.1804409787778116,2.4015352380190023,1.1844160499713825,1.5707963267948966
1.5154999999998886,0.01640469660030754,-0.008011163332966477,1.1807958652093886,1.1807958652093886,2.4019677467628884,1.1846293594785269,1.5707963267948966
1.520499999999888,0.016396527738152943,-0.00802208298270494,1.1811023095207662,1.1811023095207662,2.4023148479261365,1.1848005467183418,1.5707963267948966
1.5254999999998875,0.01638923544590393,-0.00803133585259944,1.1813587630454727,1.1813587630454727,2.4025765240392496,1.1849296030750252,1.5707963267948966
1.530499999999887,0.0163828656306578,-0.00803890900224203,1.1815642395979848,1.1815642395979848,2.402753192164364,1.185016734239953,1.5707963267948966
1.5354999999998864,0.01637745325195102,-0.008044798293078973,1.181718307128085,1.181718307128085,2.4028456928888837,1.1850623547834371,1.5707963267948966
1.5404999999998858,0.016373022322814422,-0.008049008229437445,1.1818210739766428,1.1818210739766428,2.4028552773916245,1.1850670817758617,1.5707963267948966
1.5454999999998853,0.016369586022843045,-0.008051551758875859,1.1818731700505023,1.1818731700505023,2.402783592686629,1.1850317275100613,1.5707963267948966
1.5504999999998847,0.016367146918451068,-0.008052450033704335,1.1818757232757395,1.1818757232757395,2.40263266515693,1.1849572913803188,1.5707963267948966
1.5554999999998842,0.01636569728454321,-0.008051732135681557,1.18183033172511,1.18183033172511,2.4024048824968967,1.1848449509764898,1.5707963267948966
1.5604999999998836,0.01636521952098525,-0.008049434766040305,1.1817390318468104,1.1817390318468104,2.4021029741875433,1.1846960524545955,1.5707963267948966
1.565499999999883,0.01636568665650266,-0.008045601903126197,1.1816042632475758,1.1816042632475758,2.4017299906339633,1.18451210024759,1.5707963267948966
1.5704999999998825,0.01636706293198321,-0.008040284430052013,1.1814288305035665,1.1814288305035665,2.4012892810983515,1.1842947461821194,1.5707963267948966
1.575499999999882,0.01636930445460966,-0.008033539734873328,1.1812158624873825,1.1812158624873825,2.40078447056536,1.1840457780687208,1.5707963267948966
1.5804999999998814,0.016372359913804636,-0.008025431285879464,1.1809687697089781,1.1809687697089781,2.400219435679224,1.1837671078342233,1.5707963267948966
1.585499999999881,0.016376171349632845,-0.008016028184667331,1.180691200172243,1.180691200172243,2.399598279893927,1.1834607592660276,1.5707963267948966
1.5904999999998803,0.016380674964075408,-0.008005404699724005,1.1803869942477663,1.1803869942477663,2.398925307978827,1.1831288554385069,1.5707963267948966
1.5954999999998798,0.016385801965466563,-0.007993639783287222,1.180060139055976,1.180060139055976,2.3982050000224535,1.1827736058919067,1.5707963267948966
1.6004999999998792,0.016391479436361767,-0.007980816574281381,1.1797147228436253,1.1797147228436253,2.39744198507691,1.1823972936339964,1.5707963267948966
1.6054999999998787,0.016397631215185518,-0.007967021890140136,1.1793548898208626,1.1793548898208626,2.396641014584175,1.1820022620341557,1.5707963267948966
1.6104999999998781,0.016404178782182487,-0.007952345710325655,1.1789847959060715,1.1789847959060715,2.395806935723805,1.1815909016786945,1.5707963267948966
1.6154999999998776,0.016411042140462233,-0.00793688065433943,1.178608565801725,1.178608565801725,2.394944664819093,1.1811656372550057,1.5707963267948966
1.620499999999877,0.016418140683279944,-0.0079207214569903,1.1782302517969832,1.1782302517969832,2.3940591609357367,1.1807289145306603,1.5707963267948966
1.6254999999998765,0.0164253940391268,-0.007903964443642697,1.1778537946621337,1.1778537946621337,2.3931553998031405,1.1802831874916224,1.5707963267948966
1.630499999999876,0.01643272288670709,-0.007886707008112635,1.1774829869665795,1.1774829869665795,2.392238348184402,1.1798309057017529,1.5707963267948966
1.6354999999998754,0.01644004973244718,-0.007869047095810872,1.1771214391164058,1.1771214391164058,2.391312938816016,1.179374501943291,1.5707963267948966
1.6404999999998748,0.01644729964380597,-0.007851082694652858,1.1767725483700004,1.1767725483700004,2.390384046033037,1.1789163801954001,1.5707963267948966
1.6454999999998743,0.01645440093232962,-0.007832911336164107,1.176439471051268,1.176439471051268,2.389456462189554,1.1784589040049522,1.5707963267948966
1.6504999999998737,0.016461285781106394,-0.007814629609108125,1.1761250981400124,1.1761250981400124,2.3885348749780535,1.178004385300638,1.5707963267948966
1.6554999999998732,0.016467890812021643,-0.007796332687852772,1.1758320343786637,1.1758320343786637,2.3876238457445944,1.1775550736982014,1.5707963267948966
1.6604999999998726,0.016474157588980097,-0.007778113877570756,1.1755625809939045,1.1755625809939045,2.386727788889616,1.1771131463411,1.5707963267948966
1.665499999999872,0.01648003305404366,-0.007760064178241476,1.1753187220915589,1.1753187220915589,2.3858509524368343,1.1766806983172555,1.5707963267948966
1.6704999999998715,0.016485469894219694,-0.007742271869285703,1.17510211474359,1.17510211474359,2.384997399845197,1.176259733688869,1.5707963267948966
1.675499999999871,0.01649042683741879,-0.007724822116522214,1.174914082747628,1.174914082747628,2.3841709931308337,1.1758521571683165,1.5707963267948966
1.6804999999998704,0.016494868876874774,-0.007707796602987547,1.174755614002505,1.174755614002505,2.3833753773579835,1.1754597664692104,1.5707963267948966
1.6854999999998699,0.016498767424074984,-0.007691273185007185,1.1746273614081113,1.1746273614081113,2.3826139665498256,1.175084245357745,1.5707963267948966
1.6904999999998693,0.01650210039097916,-0.007675325574749797,1.1745296471648445,1.1745296471648445,2.381889931061683,1.1747271574252722,1.5707963267948966
1.6954999999998688,0.016504852203003538,-0.007660023050336338,1.1744624703171462,1.1744624703171462,2.381206186450884,1.1743899405990141,1.5707963267948966
1.7004999999998682,0.016507013744906974,-0.007645430194413877,1.1744255173576075,1.1744255173576075,2.380565383869321,1.1740739024037585,1.5707963267948966
1.7054999999998677,0.016508582242332877,-0.007631606661940689,1.1744181756827166,1.1744181756827166,2.3799699019962697,1.1737802159831958,1.5707963267948966
1.7104999999998671,0.01650956108232879,-0.007618606977765479,1.174439549669053,1.174439549669053,2.3794218405211,1.1735099168856495,1.5707963267948966
1.7154999999998666,0.01650995957668145,-0.007606480364420196,1.1744884791194614,1.1744884791194614,2.3789230151771954,1.173263900614849,1.5707963267948966
1.720499999999866,0.016509792672364576,-0.007595270600383803,1.1745635598126731,1.1745635598126731,2.3784749543206725,1.1730429209425846,1.5707963267948966
1.7254999999998655,0.016509080613797043,-0.007585015908914201,1.174663165877092,1.174663165877092,2.378078897039676,1.1728475889762264,1.5707963267948966
1.730499999999865,0.016507848561948524,-0.007575748877388176,1.174785473699904,1.174785473699904,2.3777357927725133,1.172678372970395,1.5707963267948966
1.7354999999998644,0.016506126175606095,-0.007567496406935396,1.1749284870764507,1.1749284870764507,2.3774463024057857,1.172535598868547,1.5707963267948966
1.7404999999998638,0.0165039471603286,-0.007560279692002907,1.1750900633017674,1.1750900633017674,2.3772108008166186,1.1724194515567827,1.5707963267948966
1.7454999999998633,0.016501348790764914,-0.007554114229341876,1.1752679399063357,1.1752679399063357,2.377029380816553,1.1723299768089372,1.5707963267948966
1.7504999999998627,0.016498371412099016,-0.007549009855769185,1.1754597617412486,1.1754597617412486,2.3769018584483677,1.172267083898928,1.5707963267948966
1.7554999999998622,0.01649505792640942,-0.007544970813923478,1.1756631081240836,1.1756631081240836,2.376827779581269,1.1722305488534428,1.5707963267948966
1.7604999999998616,0.016491453269695124,-0.007541995845108938,1.1758755197656563,1.1758755197656563,2.376806427744384,1.1722200183153508,1.5707963267948966
1.765499999999861,0.016487603885227364,-0.007540078308200944,1.1760945252091641,1.1760945252091641,2.37683683313335,1.1722350139856732,1.5707963267948966
1.7704999999998605,0.016483557198738386,-0.00753920632347626,1.176317666527122,1.176317666527122,2.376917782720336,1.172274937609756,1.5707963267948966
1.77549999999986,0.01647936110075899,-0.007539362940127024,1.1765425240373604,1.1765425240373604,2.37704783139344,1.1723390764711243,1.5707963267948966
1.7804999999998594,0.01647506344116939,-0.007540526326122756,1.1767667398172414,1.1767667398172414,2.3772253140478936,1.1724266093547557,1.5707963267948966
1.7854999999998589,0.016470711540736767,-0.0075426699789984016,1.1769880398148345,1.1769880398148345,2.3774483585480617,1.172536612939827,1.5707963267948966
1.7904999999998583,0.01646635172408257,-0.007545762956069084,1.177204254376671,1.177204254376671,2.377714899476628,1.1726680685806898,1.5707963267948966
1.7954999999998578,0.016462028878157568,-0.007549770122504221,1.1774133370339064,1.1774133370339064,2.37802269258493,1.1728198694336491,1.5707963267948966
1.8004999999998572,0.016457786039907975,-0.0075546524156348965,1.1776133814116614,1.1776133814116614,2.378369329856695,1.1729908278862662,1.5707963267948966
1.8054999999998567,0.0164536640163962,-0.007560367123819185,1.1778026361499978,1.1778026361499978,2.378752255096049,1.1731796832452257,1.5707963267948966
1.8104999999998561,0.01644970104020089,-0.007566868178150337,1.1779795177489845,1.1779795177489845,2.3791687799498678,1.1733851096384198,1.5707963267948966
1.8154999999998556,0.016445932462466804,-0.007574106455262569,1.1781426212744188,1.1781426212744188,2.3796161002741374,1.1736057240866926,1.5707963267948966
1.820499999999855,0.016442390485512416,-0.007582030089468492,1.1782907288847673,1.1782907288847673,2.380091312754116,1.1738400947007577,1.5707963267948966
1.8254999999998545,0.016439103936435204,-0.0075905847924508905,1.1784228161634525,1.1784228161634525,2.380591431688647,1.1740867489590736,1.5707963267948966
1.830499999999854,0.016436098082688144,-0.007599714178729511,1.178538056263648,1.178538056263648,2.3811134058499066,1.1743441820229232,1.5707963267948966
1.8354999999998534,0.016433394490139107,-0.007609360095130567,1.1786358218948287,1.1786358218948287,2.3816541353314427,1.1746108650457185,1.5707963267948966
1.8404999999998528,0.016431010923673318,-0.0076194629525025695,1.1787156852015417,1.1787156852015417,2.38221048829902,1.1748852534343692,1.5707963267948966
1.8454999999998523,0.016428961289961626,-0.007629962057946585,1.178777415604705,1.178777415604705,2.382779317561188,1.1751657950217418,1.5707963267948966
1.8504999999998517,0.016427255621598056,-0.007640795945861842,1.1788209756943444,1.1788209756943444,2.383357476879018,1.1754509381104783,1.5707963267948966
1.8554999999998512,0.016425900101412712,-0.007651902706148359,1.1788465152796888,1.1788465152796888,2.3839418369374203,1.175739139349909,1.5707963267948966
1.8604999999998506,0.016424897125394144,-0.0076632203079566525,1.1788543637179356,1.1788543637179356,2.3845293009038566,1.1760288714094733,1.5707963267948966
1.86549999999985,0.016424245402311216,-0.007674686917430108,1.1788450206566417,1.1788450206566417,2.3851168195037302,1.1763186304137678,1.5707963267948966
1.8704999999998495,0.01642394008781172,-0.00768624120794797,1.1788191453365118,1.1788191453365118,2.385701405545766,1.1766069431063384,1.5707963267948966
1.875499999999849,0.0164239729504947,-0.007697822661445473,1.1787775446112707,1.1787775446112707,2.3862801478348015,1.1768923737113444,1.5707963267948966
1.8804999999998484,0.01642433256720838,-0.0077093718594621425,1.1787211598493126,1.1787211598493126,2.386850224413783,1.1771735304643953,1.5707963267948966
1.8854999999998479,0.016425004544616494,-0.007720830762649107,1.178651052887871,1.178651052887871,2.3874089150813833,1.1774490717861295,1.5707963267948966
1.8904999999998473,0.016425971763903827,-0.007732142977550785,1.1785683912145253,1.1785683912145253,2.3879536131364905,1.1777177120744933,1.5707963267948966
1.8954999999998468,0.016427214645357586,-0.007743254009565337,1.1784744325530767,1.1784744325530767,2.3884818363055724,1.1779782270940202,1.5707963267948966
1.9004999999998462,0.016428711429464695,-0.007754111501080834,1.1783705090310996,1.1783705090310996,2.3889912368142205,1.1782294589430287,1.5707963267948966
1.9054999999998457,0.016430438471106246,-0.007764665453879986,1.178258011104922,1.178258011104922,2.3894796105690905,1.1784703205820732,1.5707963267948966
1.910499999999845,0.016432370543408303,-0.007774868435004788,1.1781383714145715,1.1781383714145715,2.3899449054218214,1.178699799909638,1.5707963267948966
1.9154999999998445,0.016434481147822252,-0.007784675765373036,1.178013048736204,1.178013048736204,2.3903852284916733,1.178916963373596,1.5707963267948966
1.920499999999844,0.016436742827056504,-0.007794045690540798,1.177883512193122,1.177883512193122,2.390798852528922,1.17912095910958,1.5707963267948966
1.9254999999998434,0.01643912747756282,-0.007802939533108079,1.177751225878485,1.177751225878485,2.3911842213063124,1.1793110196,1.5707963267948966
1.930499999999843,0.016441606658393237,-0.007811321826368499,1.1776176340336486,1.1776176340336486,2.391539954031006,1.179486463849977,1.5707963267948966
1.9354999999998423,0.016444151893385144,-0.007819160428907278,1.177484146915613,1.177484146915613,2.391864848774676,1.1796466990790346,1.5707963267948966
1.9404999999998418,0.016446734963800003,-0.00782642661995469,1.177352127475664,1.177352127475664,2.3921578849243277,1.1797912219298239,1.5707963267948966
1.9454999999998412,0.016449328188733185,-0.007833095175403988,1.1772228789589623,1.1772228789589623,2.392418224661513,1.1799196191976575,1.5707963267948966
1.9504999999998407,0.01645190469082562,-0.007839144424502797,1.1770976335218197,1.1770976335218197,2.3926452134822003,1.1800315680869053,1.5707963267948966
1.9554999999998401,0.01645443864503918,-0.0078445562873251,1.176977541949823,1.176977541949823,2.3928383797743034,1.1801268360026362,1.5707963267948966
1.9604999999998396,0.016456905508504625,-0.007849316293226492,1.1768636645459518,1.1768636645459518,2.392997433474362,1.1802052798881035,1.5707963267948966
1.965499999999839,0.01645928222970986,-0.007853413580577713,1.1767569632436048,1.1767569632436048,2.3931222638288743,1.1802668451206544,1.5707963267948966
1.9704999999998385,0.016461547435564494,-0.00785684087816078,1.1766582949851132,1.1766582949851132,2.3932129362901615,1.1803115639807982,1.5707963267948966
1.975499999999838,0.0164636815951513,-0.007859594468697247,1.1765684063920292,1.1765684063920292,2.3932696885800775,1.1803395537108612,1.5707963267948966
1.9804999999998374,0.016465667159252573,-0.007861674135059374,1.176487929739392,1.176487929739392,2.393292925958693,1.180351014181545,1.5707963267948966
1.9854999999998368,0.01646748867501748,-0.007863083089791788,1.1764173802324374,1.1764173802324374,2.393283215738216,1.180346225186239,1.5707963267948966
1.9904999999998363,0.01646913287541156,-0.007863827888643109,1.1763571545709213,1.1763571545709213,2.3932412810854666,1.1803255433844566,1.5707963267948966
1.9954999999998357,0.016470588743359563,-0.007863918328874049,1.1763075307735422,1.1763075307735422,2.393167994158968,1.1802893989171077,1.5707963267948966
2.0004999999998354,0.016471847550754665,-0.007863367333170206,1.1762686692229394,1.1762686692229394,2.393064368629166,1.1802382917175376,1.5707963267948966
